{
    "Instagram": 2561484.172261484,
    "TikTok": 2649238.8246644298,
    "Twitter": 2650809.3712522048,
    "YouTube": 2643156.5400943398
}