{
    "Instagram": 2404079.8778877887,
    "TikTok": 2515015.4015873014,
    "Twitter": 2506004.5863787374,
    "YouTube": 2545648.398791541
}